0228_443487926.jpg,rocks
0603_2122088731.jpg,leaf
0430_293289453.jpg,train
0283_60699814.jpg,tiger
0375_475914982.jpg,rocks
0032_356445281.jpg,antlers
0021_296129022.jpg,antlers
0456_2217954984.jpg,train
0526_480371427.jpg,computer
0338_2253762187.jpg,rainbow
0092_1439260577.jpg,sign
0262_2171977499.jpg,fish
0227_2536658640.jpg,tower
0305_528061344.jpg,window
0054_6550511.jpg,coral
0217_774571560.jpg,snow
0494_2118590998.jpg,tree
0323_299051887.jpg,baby
0245_557160561.jpg,horses
0398_233584997.jpg,whales
0413_290890040.jpg,cars
0520_2570791174.jpg,rainbow
0531_503493316.jpg,horses
0310_2175194516.jpg,balloons
0416_2494152511.jpg,fish
0208_2116258494.jpg,alley
0573_2363553237.jpg,whales
0035_1295687064.jpg,bear
0388_341244792.jpg,birds
0027_158181908.jpg,whales
0292_718818244.jpg,zebra
0334_61323457.jpg,computer
0261_2397674325.jpg,tiger
0008_2055905845.jpg,zebra
0398_2293675068.jpg,cars
0085_1400090573.jpg,zebra
0012_1803230025.jpg,tower
0207_1149075521.jpg,flowers
0090_2218350394.jpg,plane
0256_1383077146.jpg,flags
0536_2514236747.jpg,rainbow
0232_2575158420.jpg,whales
0004_1589009678.jpg,coral
0334_65125348.jpg,alley
0212_328871690.jpg,antlers
0469_2075262772.jpg,horses
0370_127145895.jpg,sign
0480_378633384.jpg,plane
0570_424573530.jpg,tiger
0313_296413723.jpg,beach
0266_2339698473.jpg,flowers
0527_406600546.jpg,cat
0419_2647749521.jpg,computer
0207_624667396.jpg,bear
0333_89919507.jpg,snow
0603_2056626221.jpg,rainbow
0542_1467716581.jpg,window
0372_85906967.jpg,dog
0366_7100624.jpg,snow
0211_915239594.jpg,cat
0493_2652762233.jpg,whales
0085_1299782822.jpg,flags
0362_529170554.jpg,baby
0360_229174503.jpg,cat
0319_28578376.jpg,flags
0556_34316629.jpg,baby
0051_536758690.jpg,tower
0579_507306459.jpg,horses
0320_2735559807.jpg,cars
0036_215996371.jpg,fish
0023_420328710.jpg,zebra
0494_450805275.jpg,leaf
0432_2145837554.jpg,horses
0084_274712299.jpg,antlers
0035_889006645.jpg,tree
0269_2223616799.jpg,flags
0303_463501017.jpg,baby
0387_114988685.jpg,birds
0013_272421059.jpg,birds
0629_230371538.jpg,rainbow
0090_2078259391.jpg,zebra
0492_500779259.jpg,window
0039_442451276.jpg,tree
0534_1376956225.jpg,cat
0208_2111489022.jpg,tower
0098_2165101873.jpg,snow
0559_283646156.jpg,leaf
0063_75362215.jpg,birds
0563_498736324.jpg,rainbow
0062_77405592.jpg,computer
0393_2400153503.jpg,boats
0567_223622802.jpg,cat
0086_1022293088.jpg,coral,fish
0383_1351575524.jpg,computer
0515_2440990274.jpg,bear
0060_2415232057.jpg,birds
0374_2433657314.jpg,fish
0207_1552889790.jpg,antlers
0220_177803689.jpg,tower
0005_389068665.jpg,plane
0222_1072744590.jpg,fish
0342_106781081.jpg,rocks
0034_1512615089.jpg,whales
0328_241052832.jpg,coral
0460_271700056.jpg,tiger
0034_395512010.jpg,train
0477_516862729.jpg,dog
0211_809009498.jpg,antlers
0066_1891878972.jpg,plane
0221_396525383.jpg,beach
0486_60544417.jpg,cat,dog
0259_749300760.jpg,computer
0285_298273007.jpg,flowers
0242_144135572.jpg,window
0021_473262513.jpg,coral,fish
0043_2225760403.jpg,cars
0573_298205908.jpg,snow
0482_460416306.jpg,cat
0446_687143904.jpg,tree
0277_109082032.jpg,window
0254_2216731074.jpg,cat,computer
0356_2539101993.jpg,tower
0554_2129708413.jpg,boats
0201_135021962.jpg,rainbow
0095_2040702662.jpg,zebra
0039_83047754.jpg,window
0052_2115146154.jpg,tiger
0265_898281372.jpg,tiger
0281_294263216.jpg,tree
0550_61767551.jpg,tiger
0384_268601063.jpg,leaf
0072_364103924.jpg,birds
0552_900057489.jpg,whales
0246_342780198.jpg,snow
0502_2596711657.jpg,tower
0037_2219556511.jpg,dog
0238_508126917.jpg,beach
0531_89594514.jpg,whales
0352_1069120304.jpg,baby
0425_432600792.jpg,window
0548_339760890.jpg,birds
0253_2331139048.jpg,tiger
0031_2587518051.jpg,flowers
0328_120155103.jpg,whales
0030_370564052.jpg,birds
0535_2128340941.jpg,whales
0399_2270938323.jpg,horses
0376_1170007637.jpg,birds
0407_281610921.jpg,tower
0061_2550836757.jpg,cat
0052_2392702031.jpg,boats
0199_236942402.jpg,baby
0568_2174074407.jpg,boats
0203_384946567.jpg,zebra
0505_1262772462.jpg,flags
0349_42635752.jpg,coral,fish
0204_144630253.jpg,sign
0224_79875673.jpg,plane
0008_1286063308.jpg,leaf
0335_513375351.jpg,horses
0624_2240659402.jpg,horses
0381_140045368.jpg,bear
0248_427914873.jpg,dog
0293_2390798287.jpg,horses
0007_940780300.jpg,flowers
0493_1195436405.jpg,dog
0231_1398322061.jpg,baby
0204_255130101.jpg,plane
0552_350123467.jpg,rocks
0032_116187127.jpg,rocks
0476_356799553.jpg,flowers
0249_2171307157.jpg,beach
0343_1212317787.jpg,flowers
0092_1443468963.jpg,balloons
0299_6069270.jpg,snow
0087_2460882043.jpg,dog
0073_1336938541.jpg,balloons
0036_143636966.jpg,rocks
0220_468187900.jpg,leaf
0600_766764101.jpg,rainbow
0254_1244907552.jpg,computer
0227_320536625.jpg,antlers
0212_122035405.jpg,flowers
0209_151498777.jpg,bear
0390_29075558.jpg,cat
0213_2059630396.jpg,baby
0359_2176096021.jpg,baby
0217_147442069.jpg,coral,fish
0334_785347157.jpg,birds
0351_143178369.jpg,tiger
0317_494076271.jpg,bear
0376_322863188.jpg,sign
0069_2085036913.jpg,antlers
0657_283079453.jpg,leaf
0520_393786737.jpg,baby
0472_2348219.jpg,plane
0431_1392096703.jpg,fish
0551_2641697240.jpg,balloons
0458_1707223631.jpg,leaf
0058_277945534.jpg,fish
0393_1599139123.jpg,balloons
0004_389068680.jpg,plane
0012_200360332.jpg,coral
0299_347784683.jpg,window
0237_1512706224.jpg,whales
0399_113199228.jpg,leaf
0406_1711094056.jpg,sign
0067_613541644.jpg,zebra
0374_2153774675.jpg,fish
0279_2592579578.jpg,birds
0389_102672820.jpg,window
0057_2424912155.jpg,flowers
0088_2050707490.jpg,alley
0239_2406529566.jpg,zebra
0069_397396361.jpg,beach
0445_399852251.jpg,bear
0072_392167241.jpg,antlers
0267_2256524311.jpg,tower
0467_69889440.jpg,flags
0227_2071140892.jpg,zebra
0434_311654751.jpg,computer
0042_371432847.jpg,antlers
0246_326773480.jpg,tree
0048_2154264768.jpg,computer
0462_1602563789.jpg,train
0477_102516460.jpg,snow
0424_2328048639.jpg,rainbow
0011_1167417963.jpg,flowers
0097_451053971.jpg,zebra
0328_488636182.jpg,window
0216_438966537.jpg,cars
0085_2252697794.jpg,birds
0028_1070815604.jpg,alley,flowers
0234_2533027163.jpg,flowers
0560_1153628048.jpg,rainbow
0052_2327250885.jpg,dog
0007_2493659489.jpg,horses
0007_160357182.jpg,coral
0632_732142650.jpg,leaf
0443_70144228.jpg,snow
0282_2603104427.jpg,sign
0246_147474762.jpg,tiger
0561_2139827236.jpg,train
0060_2175139584.jpg,alley,tree
0024_361715849.jpg,antlers
0086_1469629008.jpg,balloons
0443_2621791760.jpg,tiger
0433_280857249.jpg,train
0531_512193684.jpg,tree
0022_106045396.jpg,leaf
0547_2524771887.jpg,bear
0083_509347483.jpg,balloons
0308_154934240.jpg,flags
0481_2365324926.jpg,zebra
0404_167494084.jpg,whales
0347_1391307815.jpg,rocks
0335_89948280.jpg,rainbow
0213_244084614.jpg,flags
0044_1572801168.jpg,antlers
0440_2275932567.jpg,sign
0362_124884539.jpg,tree
0050_943084476.jpg,tiger
0546_310537643.jpg,cat
0548_373623319.jpg,cars
0260_768267229.jpg,snow
0221_129550184.jpg,cars
0451_1424019457.jpg,alley
0247_110669557.jpg,coral,fish
0284_2459082001.jpg,balloons
0418_292326124.jpg,whales
0505_304910084.jpg,computer
0362_432141672.jpg,rocks
0472_484230894.jpg,train
0015_3964311.jpg,train
0219_2453342065.jpg,tower
0039_2693692930.jpg,antlers
0237_2517978771.jpg,flowers
0483_524583031.jpg,tiger
0349_2581895912.jpg,train
0404_92212466.jpg,rocks
0516_2551576402.jpg,tiger
0373_397938412.jpg,zebra
0470_73195612.jpg,window
0479_2090299397.jpg,rocks
0481_229068943.jpg,sign
0566_98886885.jpg,snow
0299_280229223.jpg,rocks
0264_2420382871.jpg,flowers
0414_252091142.jpg,rainbow
0046_2340723703.jpg,flags
0062_378569882.jpg,rocks
0382_201549066.jpg,rainbow
0530_1441852850.jpg,baby
0334_513437006.jpg,rocks
0451_414753116.jpg,rocks
0367_439285617.jpg,boats
0083_2456097299.jpg,horses
0019_423862738.jpg,birds
0332_134561081.jpg,tower
0230_299250901.jpg,antlers
0210_2569890314.jpg,zebra
0215_2615266882.jpg,cat
0306_2719405477.jpg,horses
0347_309733153.jpg,snow
0426_2419432416.jpg,boats
0198_61931358.jpg,baby
0491_314386607.jpg,rocks
0431_1115019810.jpg,whales
0099_304727032.jpg,fish
0207_500923150.jpg,fish
0022_43946201.jpg,computer
0577_5743319.jpg,computer
0025_542183189.jpg,beach
0035_411877982.jpg,tiger
0451_332340827.jpg,cars
0263_7303104.jpg,rainbow
0395_410048108.jpg,coral
0394_2060852069.jpg,horses
0535_2358011266.jpg,cat
0218_390133036.jpg,snow
0519_2359738438.jpg,rainbow
0320_99754073.jpg,flags
0277_2515630677.jpg,coral,fish
0574_1439330146.jpg,train
0100_475531393.jpg,window
0412_46922952.jpg,boats
0480_14047500.jpg,bear
0286_429357269.jpg,dog
0029_396245965.jpg,beach
0482_2179087855.jpg,flags
0344_448015905.jpg,tower
0439_1723488584.jpg,fish
0094_906405786.jpg,rainbow
0535_120707061.jpg,birds
0047_466344330.jpg,window
0062_2326238046.jpg,zebra
0418_2494868748.jpg,window
0095_448177571.jpg,leaf
0424_542582135.jpg,whales
0086_2470419866.jpg,bear
0055_2527755621.jpg,baby
0018_368716755.jpg,plane
0005_84655830.jpg,plane
0040_520287572.jpg,birds
0210_2256877298.jpg,alley
0313_2540924421.jpg,rocks
0266_50229647.jpg,cat
0096_2169503032.jpg,train
0058_399659643.jpg,beach
0278_1578805005.jpg,balloons
0596_102415471.jpg,tree
0371_2504886219.jpg,flags
0455_1306195991.jpg,flags
0584_2162605147.jpg,snow
0416_255758479.jpg,cat
0252_326973086.jpg,leaf
0201_2417333834.jpg,zebra
0039_874114329.jpg,boats
0509_154788696.jpg,dog
0089_363385992.jpg,cat
0054_2200348313.jpg,zebra
0575_750952850.jpg,leaf
0052_2741123395.jpg,beach
0479_439735562.jpg,cars
0558_497700292.jpg,tower
0036_4508875.jpg,alley
0413_2162890733.jpg,tower
0280_116843170.jpg,cars
0072_331071453.jpg,train
0238_322451288.jpg,balloons
0380_679431538.jpg,leaf
0250_2739334501.jpg,tree
0097_2120902.jpg,train
0252_2393955931.jpg,balloons
0356_2570597102.jpg,fish
0289_484976997.jpg,computer
0565_200350999.jpg,computer
0367_61524634.jpg,baby
0320_1880774511.jpg,alley
0230_2005339781.jpg,alley
0520_89897758.jpg,plane
0374_239455430.jpg,leaf
0318_424213063.jpg,bear
0004_41427128.jpg,coral,fish
0219_874465283.jpg,zebra
0203_1531335031.jpg,balloons
0097_2576471418.jpg,boats
0050_2074831886.jpg,alley
0331_475320275.jpg,train
0406_358443999.jpg,rainbow
0426_1369518980.jpg,sign
0518_100795295.jpg,snow
0441_763846829.jpg,train
0572_511034331.jpg,window
0307_1342433369.jpg,zebra
0216_104004679.jpg,tiger
0217_312728321.jpg,train
0093_1032501845.jpg,bear
0071_347095105.jpg,antlers
0562_300202762.jpg,cars
0257_132190915.jpg,plane
0016_65645647.jpg,whales
0249_64279610.jpg,zebra
0519_507691294.jpg,train
0079_1387720721.jpg,balloons
0311_1454672187.jpg,cars
0034_365734438.jpg,alley
0401_409764588.jpg,rainbow
0094_2450852731.jpg,flags
0499_115468897.jpg,cat
0281_2386220256.jpg,tiger
0074_2341697341.jpg,balloons
0074_349197206.jpg,tiger
0277_307495127.jpg,snow
0211_385395692.jpg,beach
0084_2240602720.jpg,beach
0435_2431199132.jpg,cars
0556_122696827.jpg,computer
0419_258009934.jpg,rainbow
0245_435492157.jpg,bear
0036_2120309884.jpg,beach
0263_352382893.jpg,bear
0024_265446043.jpg,boats
0245_476011707.jpg,beach
0024_1336652415.jpg,plane
0338_1907731084.jpg,horses
0331_2191976120.jpg,coral,fish
0376_457974617.jpg,rocks
0542_2077391873.jpg,dog
0276_108730241.jpg,birds
0063_100471849.jpg,snow
0594_1912189329.jpg,boats
0439_374656867.jpg,fish
0677_418023431.jpg,bear
0011_91957110.jpg,plane
0404_82128528.jpg,train
0551_439897502.jpg,cat
0025_371671989.jpg,plane
0067_181145382.jpg,tower
0512_122941872.jpg,bear
0427_1372240437.jpg,cars
0445_150095023.jpg,fish
0059_2209707870.jpg,beach
0439_142015555.jpg,birds
0044_2351719475.jpg,coral
0092_2019123562.jpg,flowers
0220_149209095.jpg,rocks
0011_264796015.jpg,sign
0087_385255525.jpg,balloons
0036_470765168.jpg,flowers
0521_251683571.jpg,leaf
0067_85175647.jpg,birds
0242_2481507352.jpg,balloons
0308_1353876174.jpg,train
0516_2169132044.jpg,horses
0490_209930926.jpg,tiger
0311_380718096.jpg,tiger
0262_2390777674.jpg,alley
0012_253993371.jpg,rainbow
0076_216300934.jpg,flags
0554_2544958872.jpg,cars
0577_2279781824.jpg,cars
0281_22038704.jpg,alley
0586_72298669.jpg,dog
0490_2519456934.jpg,birds,rocks
0324_2041038513.jpg,alley
0493_698875097.jpg,whales
0264_2263755522.jpg,dog
0246_2191976116.jpg,fish
0353_2692923748.jpg,zebra
0594_84401373.jpg,birds
0273_203787982.jpg,coral
0343_454214634.jpg,whales
0414_189862263.jpg,coral
0449_154966605.jpg,sign
0029_70038158.jpg,computer
0576_164520885.jpg,boats
0454_50072806.jpg,zebra
0239_2502971377.jpg,balloons
0362_2437727707.jpg,whales
0210_101334480.jpg,dog
0207_1383874474.jpg,dog
0373_127145357.jpg,sign
0314_275662646.jpg,flags
0035_1187049547.jpg,alley
0256_228574921.jpg,bear
0042_2312682727.jpg,flowers
0312_238379659.jpg,alley
0550_61389171.jpg,sign
0250_1270849519.jpg,boats
0096_395062136.jpg,beach
0373_123885782.jpg,cat
0324_211716745.jpg,snow
0220_87347751.jpg,baby
0403_2489234075.jpg,dog
0463_27907174.jpg,computer
0264_161640407.jpg,rainbow
0318_405360549.jpg,rocks
0345_308817587.jpg,rocks
0221_15354825.jpg,cat
0454_176397575.jpg,rocks
0326_503071378.jpg,coral
0409_2464143077.jpg,rainbow
0276_230748653.jpg,coral
0410_2295288321.jpg,leaf
0573_337286141.jpg,computer
0382_2515499488.jpg,baby
0257_2167457029.jpg,alley
0440_2391227310.jpg,bear
0421_662232968.jpg,birds
0307_1808000858.jpg,whales
0377_965313689.jpg,flags
0533_2081523342.jpg,train
0244_962823006.jpg,bear
0317_65440151.jpg,computer
0254_121730285.jpg,plane
0075_1882016248.jpg,antlers
0259_762776924.jpg,rainbow
0578_227121621.jpg,cat
0491_915338771.jpg,plane
0361_14802906.jpg,cat
0324_7154890.jpg,birds
0025_125406680.jpg,birds
0521_32888419.jpg,coral
0064_145274946.jpg,cars
0003_389068668.jpg,plane
0570_2286429154.jpg,tree
0542_1908606063.jpg,window
0390_47714047.jpg,birds,flowers
0086_109782504.jpg,computer
0281_1489953930.jpg,balloons
0257_782431942.jpg,bear
0492_2069293834.jpg,horses
0281_260741226.jpg,flowers
0551_1558429122.jpg,rocks
0360_146595801.jpg,balloons
0227_2309839631.jpg,coral,fish
0049_2689670051.jpg,antlers
0085_1433846907.jpg,baby
0573_2386537657.jpg,zebra
0321_2347368812.jpg,bear
0527_203896163.jpg,sign
0470_111122287.jpg,whales
0227_211411048.jpg,bear
0090_319623750.jpg,antlers,cat
0253_395091440.jpg,balloons
0029_2089504883.jpg,cat
0259_407236030.jpg,plane
0533_256108195.jpg,horses
0046_467025574.jpg,tree
0239_297180167.jpg,beach
0028_387314722.jpg,birds
0315_2202722843.jpg,horses
0459_315698254.jpg,leaf
0545_2188588517.jpg,window
0056_2576774243.jpg,zebra
0058_593117777.jpg,bear,dog
0445_448871453.jpg,tiger
0072_1362473050.jpg,beach
0507_2577510515.jpg,computer
0051_1384283201.jpg,birds
0545_2659615654.jpg,tower
0293_143285799.jpg,antlers
0074_267051756.jpg,antlers
0581_2286120456.jpg,birds
0077_167497705.jpg,tree
0099_470519458.jpg,whales
0259_123942568.jpg,dog
0463_2254468925.jpg,train
0325_2548530508.jpg,sign
0024_1311421001.jpg,flags
0268_50098889.jpg,whales
0030_2315104664.jpg,computer
0211_2056095661.jpg,tree
0026_512455502.jpg,coral
0443_454192748.jpg,train
0311_306945126.jpg,leaf
0020_169028344.jpg,dog
0402_611949422.jpg,tower
0054_385255469.jpg,balloons
0238_304303625.jpg,leaf
0236_884266623.jpg,balloons
0259_264170988.jpg,flowers
0440_235679304.jpg,rocks
0037_255881773.jpg,antlers
0335_257999490.jpg,baby
0066_62415258.jpg,baby
0221_284733280.jpg,computer
0552_218322479.jpg,tiger
0097_340115174.jpg,fish
0340_2304543984.jpg,tree
0504_2180186332.jpg,cars
0563_423503346.jpg,flowers
0219_330720892.jpg,baby
0204_627185937.jpg,horses
0202_741494.jpg,cat
0030_2073953208.jpg,antlers
0402_145786038.jpg,baby
0063_464299671.jpg,baby
0019_2111187900.jpg,train
0472_1424432747.jpg,snow
0020_386347744.jpg,antlers
0236_2403847398.jpg,beach
0298_1218924448.jpg,antlers
0025_449866352.jpg,dog
0340_194001111.jpg,window
0313_277699085.jpg,alley
0009_6481762.jpg,cat
0561_1591227598.jpg,tower
0282_1765000739.jpg,alley
0281_942235738.jpg,coral,fish
0402_2457962195.jpg,bear
0333_110688112.jpg,fish
0089_467641296.jpg,window
0492_2172630521.jpg,boats
0254_457206527.jpg,horses
0272_54758871.jpg,computer
0039_143963633.jpg,plane
0316_311913374.jpg,rocks
0006_8486340.jpg,birds
0095_2639075543.jpg,cars
0484_314719681.jpg,leaf
0017_254861851.jpg,coral,fish
0430_243297007.jpg,sign
0020_2312863941.jpg,rocks
0035_303498849.jpg,leaf
0002_1021429225.jpg,plane
0410_2344190178.jpg,train
0013_91957114.jpg,plane
0042_332051022.jpg,rocks
0497_718212306.jpg,rainbow
0492_1195535037.jpg,alley
0018_1198991835.jpg,antlers
0577_305016660.jpg,snow
0283_172088417.jpg,alley
0009_1382400520.jpg,dog
0480_2257817889.jpg,baby
0592_2460618673.jpg,boats
0417_219718446.jpg,whales
0034_2312181054.jpg,flowers
0417_2157319163.jpg,coral,fish
0056_2470782800.jpg,zebra
0242_531656610.jpg,beach
0333_1467520895.jpg,sign
0241_2049302248.jpg,coral
0438_2239805322.jpg,tower
0034_308877300.jpg,snow
0332_484316047.jpg,flowers
0455_76593141.jpg,train
0302_2516640491.jpg,balloons
0388_517456086.jpg,window
0342_2524045147.jpg,train
0282_340640567.jpg,bear
0259_34998980.jpg,fish
0534_2168206455.jpg,tree
0559_128926979.jpg,cars
0338_438991531.jpg,dog
0286_131634530.jpg,bear
0386_41062679.jpg,sign
0386_363980744.jpg,bear
0370_2020793818.jpg,rocks
0425_362960502.jpg,tower
0054_108725456.jpg,flags
0267_14610761.jpg,birds
0006_209115798.jpg,window
0562_47248349.jpg,window
0322_289872754.jpg,balloons
0572_2258635367.jpg,cat
0068_862770109.jpg,beach
0530_359343091.jpg,tree
0029_377351015.jpg,flowers
0247_1078115911.jpg,beach
0571_92395757.jpg,birds
0438_148638038.jpg,bear
0280_443403867.jpg,tower
0433_2543133441.jpg,whales
0290_350164307.jpg,tree
0339_2053280825.jpg,cat,dog
0532_74257593.jpg,birds
0077_274703788.jpg,antlers
0407_2309720791.jpg,alley
0403_68136740.jpg,tiger
0262_247669187.jpg,sign
0015_135096129.jpg,plane
0094_396718601.jpg,horses
0058_2316473778.jpg,alley
0017_210986563.jpg,rocks
0449_200643400.jpg,alley
0081_324637624.jpg,baby
0480_2238007297.jpg,birds
0268_2113193070.jpg,snow
0278_467130418.jpg,flowers
0011_2271948699.jpg,cars
0385_314937044.jpg,computer
0587_292740751.jpg,whales
0300_104300703.jpg,tower
0068_54026720.jpg,coral
0346_2391768416.jpg,horses
0070_178243628.jpg,beach
0029_280476613.jpg,tree
0024_2301900496.jpg,flowers
0296_8505313.jpg,baby
0371_513991158.jpg,tower
0057_36443540.jpg,horses
0215_382715914.jpg,snow
0098_2255038258.jpg,train
0048_376403930.jpg,beach
0531_1453118029.jpg,cat
0370_2087603850.jpg,tree
0023_373456480.jpg,boats
0308_465939428.jpg,rainbow
0002_2138445810.jpg,coral
0298_112965978.jpg,sign
0457_26354641.jpg,rocks
0411_150746257.jpg,sign
0529_200450910.jpg,flowers
0078_419710844.jpg,train
0409_892405077.jpg,coral
0250_457462906.jpg,window
0349_2402076687.jpg,sign
0035_2430966684.jpg,beach
0435_451535235.jpg,rocks,tiger
0515_231909625.jpg,window
0014_307960000.jpg,rocks
0502_117481481.jpg,sign
0056_523072803.jpg,horses
0042_2282502465.jpg,tree
0086_458702804.jpg,window
0278_400611174.jpg,tree
0522_323885329.jpg,flags
0457_1930293820.jpg,leaf
0049_1039916561.jpg,zebra
0446_296519825.jpg,boats
0082_376467394.jpg,horses
0063_1798724650.jpg,horses
0057_308442203.jpg,beach
0310_320392211.jpg,window
0035_22237769.jpg,sign
0030_1091560018.jpg,alley
0211_2148714622.jpg,alley
0056_1083507712.jpg,balloons
0571_240287880.jpg,train
0220_2254905060.jpg,sign
0260_638227151.jpg,alley
0557_153099660.jpg,cars
0478_69584595.jpg,snow
0555_536888841.jpg,leaf
0501_2139827504.jpg,train
0298_1370736971.jpg,fish
0075_2291230848.jpg,cars
0431_1028287206.jpg,coral
0341_2445461866.jpg,rocks
0080_110159247.jpg,sign
0463_80032093.jpg,tiger
0067_2286202620.jpg,dog
0049_324201720.jpg,whales
0575_2672481466.jpg,boats
0395_250551125.jpg,leaf
0097_2423770091.jpg,horses
0627_2671538415.jpg,rainbow
0271_2060038384.jpg,coral
0065_1944797327.jpg,tree
0412_64438599.jpg,snow
0416_466211556.jpg,flowers
0349_2612320848.jpg,boats
0448_789871868.jpg,leaf,tiger
0025_377465084.jpg,tower
0595_103823260.jpg,snow
0046_1172675049.jpg,computer
0276_2082427481.jpg,balloons
0593_2318524565.jpg,boats
0458_581745160.jpg,alley
0228_1486979496.jpg,bear
0045_657978554.jpg,antlers
0327_258121786.jpg,dog
0228_45062023.jpg,window
0274_345259431.jpg,birds
0047_622612084.jpg,computer
0022_498609706.jpg,coral,fish
0552_131922555.jpg,snow
0265_248109564.jpg,beach
0005_2348707486.jpg,plane
0201_219322197.jpg,tiger
0239_477051291.jpg,computer
0437_516981981.jpg,flags
0236_419424243.jpg,tower
0352_2223629556.jpg,balloons
0544_1750408159.jpg,window
0314_2099643087.jpg,flags
0251_2395271875.jpg,boats
0049_2650509991.jpg,flowers
0402_303958692.jpg,leaf
0093_477054602.jpg,computer
0039_116022752.jpg,leaf
0038_430357240.jpg,beach
0505_204459358.jpg,cars
0482_2248552401.jpg,tree
0025_2205872621.jpg,antlers
0546_224762633.jpg,tower
0202_2608854707.jpg,balloons
0248_392434832.jpg,cars
0555_118128555.jpg,baby
0503_534610382.jpg,birds
0021_311285917.jpg,cat
0003_15805308.jpg,computer
0239_1452822916.jpg,boats
0092_243695008.jpg,rainbow
0667_2179869418.jpg,bear
0349_2369893724.jpg,tiger
0380_495026684.jpg,baby
0399_802243220.jpg,boats
0095_77428448.jpg,dog
0528_396057596.jpg,baby
0056_12246629.jpg,computer
0595_311630309.jpg,tree
0245_2674301826.jpg,balloons
0089_377877012.jpg,bear
0431_2083270633.jpg,bear
0358_2113028352.jpg,balloons
0375_2666540278.jpg,rainbow
0095_304340429.jpg,computer
0480_398903520.jpg,window
0358_18062168.jpg,dog
0405_107725702.jpg,snow
0255_2196462970.jpg,balloons
0368_2241509578.jpg,cars
0540_387117355.jpg,rainbow
0403_204552765.jpg,tower
0271_68783621.jpg,tower
0022_468395542.jpg,tower
0439_14476790.jpg,tower
0417_1528584337.jpg,flags
0434_459768741.jpg,tree
0331_27311428.jpg,window
0080_299250987.jpg,antlers
0265_699634902.jpg,fish
0073_780252863.jpg,tower
0580_98222304.jpg,computer
0275_502298253.jpg,beach
0269_64842558.jpg,flags
0572_435734786.jpg,cars
0081_168320136.jpg,balloons
0476_309577888.jpg,flags
0216_2223624136.jpg,cat
0211_828246144.jpg,birds
0247_2295834231.jpg,tower
0317_55329705.jpg,train
0093_523188753.jpg,window
0566_317585307.jpg,zebra
0046_2537109615.jpg,antlers
0338_2272158218.jpg,tree
0007_217756490.jpg,flags
0223_143388756.jpg,bear
0052_199519492.jpg,train
0219_4314082.jpg,beach
0473_462782708.jpg,snow
0509_221011613.jpg,sign
0499_2390477201.jpg,boats
0393_369299514.jpg,cat
0075_1736659214.jpg,tree
0233_771894400.jpg,boats
0022_298253000.jpg,antlers
0507_870995842.jpg,window
0079_505761148.jpg,beach
0481_540943084.jpg,beach
0021_289473728.jpg,plane
0208_994691714.jpg,rainbow
0391_2229221974.jpg,fish
0039_139819191.jpg,snow
0239_2230673075.jpg,alley
0336_216486248.jpg,sign
0031_308061158.jpg,antlers
0070_502747510.jpg,balloons
0268_458939121.jpg,alley
0206_2165282953.jpg,tree
0487_2406777741.jpg,coral
0092_178240707.jpg,beach
0550_1443831453.jpg,window
0565_2412574287.jpg,zebra
0319_1317845070.jpg,computer
0555_479039142.jpg,rainbow
0229_2130448120.jpg,bear
0240_1093101723.jpg,balloons
0351_2332302179.jpg,tree
0483_2230861211.jpg,snow
0018_167630455.jpg,bear
0350_350973894.jpg,bear
0300_1140746640.jpg,balloons
0045_1197866219.jpg,bear
0582_485781606.jpg,sign
0091_1331542205.jpg,balloons
0369_1488952563.jpg,flags
0234_1906662004.jpg,tiger
0622_1456354851.jpg,leaf
0554_41945881.jpg,cars
0511_2015742725.jpg,leaf
0566_433784888.jpg,computer
0035_448290306.jpg,horses
0095_368122234.jpg,boats
0232_133524395.jpg,sign
0057_2377973593.jpg,boats
0207_390392716.jpg,birds
0071_2363465757.jpg,flowers
0408_223904975.jpg,tiger
0257_2328560703.jpg,coral
0210_31930011.jpg,whales
0414_2355888709.jpg,whales
0365_2100752433.jpg,fish
0060_2278738277.jpg,zebra
0628_2186718485.jpg,rainbow
0219_137299395.jpg,sign
0631_652855907.jpg,train
0290_1324182242.jpg,train
0591_484921062.jpg,bear
0316_368636145.jpg,alley
0211_2396409713.jpg,train
0086_2093107215.jpg,antlers
0005_2736069940.jpg,tree
0056_2553977241.jpg,birds
0369_310648977.jpg,snow
0506_158516268.jpg,horses
0036_299041166.jpg,antlers
0003_53362410.jpg,sign
0018_968389692.jpg,zebra
0058_55043995.jpg,baby
0208_306969742.jpg,dog
0525_345172106.jpg,tiger
0557_2105793717.jpg,window
0097_159739573.jpg,tower
0338_1774674163.jpg,cat
0303_273108378.jpg,balloons
0002_376728638.jpg,dog
0235_330818956.jpg,flags
0385_1310825647.jpg,cars
0335_2718215128.jpg,tiger
0405_26712965.jpg,whales
0268_101928459.jpg,tiger
0071_2059297978.jpg,boats
0097_2398565185.jpg,birds
0048_827411295.jpg,birds
0106_2551436758.jpg,horses
0589_1556289677.jpg,tiger
0100_183803372.jpg,beach
0327_35291888.jpg,whales
0239_279884405.jpg,birds
0251_1979529530.jpg,balloons
0400_2038490939.jpg,cars
0098_2386246454.jpg,balloons
0211_2233188435.jpg,rocks
0284_2390756587.jpg,horses
0050_103459432.jpg,boats
0243_830267375.jpg,whales
0032_509095114.jpg,zebra
0047_4849633.jpg,whales
0051_1219375813.jpg,whales
0048_476442702.jpg,antlers
0284_154282966.jpg,coral
0097_426354849.jpg,tree
0367_2602790157.jpg,flags
0558_1472550893.jpg,window
0530_886432445.jpg,window
0259_2545280578.jpg,flowers
0429_153438272.jpg,computer
0517_2208958502.jpg,rocks
0058_1059299865.jpg,zebra
0279_1386182063.jpg,whales
0384_477624089.jpg,rocks,tree
0535_900148540.jpg,cat
0516_2269510499.jpg,balloons
0368_2295419391.jpg,tree
0037_231623809.jpg,tower
0591_215516482.jpg,dog
0388_535640476.jpg,alley
0320_305644365.jpg,horses
0367_1887825485.jpg,cars
0422_101662295.jpg,rocks
0389_432245781.jpg,window
0371_399031930.jpg,cars
0355_2327829496.jpg,dog
0071_429220598.jpg,flowers
0376_1353141423.jpg,rainbow
0063_135358119.jpg,rocks
0332_2490595310.jpg,boats
0370_358276060.jpg,dog
0009_89559712.jpg,horses
0530_1898542942.jpg,coral
0085_333750781.jpg,snow
0295_277070690.jpg,baby
0097_1231601660.jpg,tree
0311_746663724.jpg,baby
0469_1595850325.jpg,tiger
0086_2459319640.jpg,tower
0386_647827108.jpg,beach
0519_1802667235.jpg,tree
0376_2104452677.jpg,alley
0010_326503083.jpg,boats
0274_2060984650.jpg,horses
0488_1279855380.jpg,zebra
0557_551498655.jpg,sign
0357_957375104.jpg,sign
0457_544506799.jpg,leaf
0275_2124171160.jpg,balloons
0419_2314871620.jpg,snow
0510_2116022614.jpg,tower
0331_2423518114.jpg,flags
0421_281285249.jpg,leaf
0048_71138082.jpg,whales
0307_387147201.jpg,computer
0039_223864721.jpg,cat
0244_415650547.jpg,tiger
0337_280182977.jpg,cars
0365_2413176213.jpg,flowers
0435_610643306.jpg,computer
0577_364324338.jpg,flowers
0407_555521271.jpg,boats
0040_264768848.jpg,beach
0245_2219035191.jpg,dog
0402_332313976.jpg,coral
0012_111169497.jpg,fish
0556_213049164.jpg,dog
0001_389068663.jpg,plane
0539_2369572040.jpg,snow
0074_174892466.jpg,leaf
0414_261633213.jpg,zebra
0232_2076472845.jpg,cat
0355_247740195.jpg,baby
0076_2654342366.jpg,zebra
0365_161541596.jpg,snow
0039_321763088.jpg,plane
0028_1525308681.jpg,flowers
0232_420955109.jpg,snow
0087_2594518589.jpg,alley
0322_533735927.jpg,baby
0007_34964321.jpg,computer
0427_2560227973.jpg,boats
0524_303641730.jpg,cars
0447_240869980.jpg,cars
0481_2712030030.jpg,cars
0206_210745901.jpg,baby
0591_373276126.jpg,snow
0244_124699637.jpg,whales
0549_112817154.jpg,tiger
0302_33571500.jpg,sign
0363_1168847602.jpg,beach
0064_628653600.jpg,beach
0369_304089979.jpg,cars
0273_2088138529.jpg,alley
0313_66738061.jpg,sign
0096_765599303.jpg,baby
0498_2515009456.jpg,tiger
0274_2075357598.jpg,balloons
0089_445926656.jpg,beach
0346_152856368.jpg,computer
0059_407034010.jpg,snow
0045_511999827.jpg,beach
0234_2597181585.jpg,flags
0390_2498171005.jpg,horses
0027_2182667104.jpg,antlers
0346_537181782.jpg,rainbow
0002_447459573.jpg,plane
0285_347395866.jpg,baby
0013_237187436.jpg,plane
0337_1137135666.jpg,train
0102_2746828589.jpg,cat
0023_664494180.jpg,cat
0406_620901347.jpg,fish
0552_153557776.jpg,birds
0076_61124980.jpg,sign
0593_69209355.jpg,tiger
0386_685439603.jpg,alley
0019_283448259.jpg,window
0085_364495198.jpg,beach
0066_2283108985.jpg,balloons
0558_2430304425.jpg,boats
0012_9478475.jpg,train
0087_792012138.jpg,zebra
0519_2059182077.jpg,leaf
0494_107303895.jpg,rainbow
0527_141795497.jpg,tree
0037_2225233125.jpg,flowers
0521_2451525947.jpg,train
0267_897042172.jpg,flowers
0459_396806145.jpg,cars
0579_2319093957.jpg,boats
0272_2172093115.jpg,alley
0050_23783182.jpg,computer
0570_279330710.jpg,boats
0510_2478560287.jpg,coral
0080_144432999.jpg,leaf
0049_277709913.jpg,sign
0441_2465695848.jpg,coral
0455_538829362.jpg,birds
0503_2572820548.jpg,horses
0529_255267653.jpg,train
0248_2486264506.jpg,rocks
0553_1234547804.jpg,train
0083_67244698.jpg,computer
0315_123847061.jpg,flags
0396_2667638644.jpg,flags
0298_2115133686.jpg,tiger
0392_1854672540.jpg,horses
0414_1915303277.jpg,leaf
0316_208573336.jpg,leaf
0092_2290060819.jpg,rocks
0259_2205482938.jpg,horses
0505_97938792.jpg,rocks
0269_342469842.jpg,rainbow
0220_364899463.jpg,plane
0255_150069741.jpg,rainbow
0039_540975459.jpg,boats
0330_1373177710.jpg,tower
0361_1814979984.jpg,boats
0666_278434363.jpg,sign
0038_1778354339.jpg,coral
0059_2434669693.jpg,plane
0081_829731205.jpg,dog
0348_127145034.jpg,sign
0299_2436697942.jpg,sign
0457_2130369898.jpg,bear
0428_1250553583.jpg,horses
0211_87077330.jpg,rocks
0481_1391981197.jpg,dog
0533_391279988.jpg,cat
0229_184139742.jpg,flowers
0473_184442009.jpg,plane
0305_1458947091.jpg,tiger
0205_1594707791.jpg,alley
0396_184013010.jpg,horses
0621_2542470198.jpg,rainbow
0077_131975834.jpg,bear
0295_383119576.jpg,snow
0255_647648041.jpg,alley
0035_404597353.jpg,zebra
0359_2158122694.jpg,coral,fish
0241_439612326.jpg,tower
0089_712655541.jpg,flags
0210_228554485.jpg,baby
0382_18327702.jpg,dog
0463_373083437.jpg,zebra
0371_2026820051.jpg,boats
0255_476694565.jpg,window
0404_120733842.jpg,cat
0521_1479083954.jpg,tiger
0063_519051833.jpg,tower
0404_1357947702.jpg,whales
0291_122167448.jpg,birds
0499_2252891979.jpg,window
0501_403707728.jpg,horses
0558_97139727.jpg,cars
0318_2093806525.jpg,tower
0544_2319779975.jpg,horses
0276_2461715214.jpg,dog
0301_392237148.jpg,whales
0625_2172920024.jpg,rainbow
0256_11029110.jpg,alley
0508_206409541.jpg,train
0299_55022112.jpg,bear
0209_147442121.jpg,coral,fish
0544_2582664183.jpg,train
0441_963509305.jpg,dog
0221_2334043538.jpg,zebra
0387_2148007942.jpg,sign
0441_173080025.jpg,whales
0226_394002776.jpg,tree
0553_43027633.jpg,cars
0276_184060001.jpg,baby
0328_275493474.jpg,leaf
0091_193296002.jpg,tree
0373_2401441238.jpg,dog
0544_363800952.jpg,whales
0404_973637670.jpg,window
0552_2070621413.jpg,cars
0551_2083026365.jpg,cars
0689_304166232.jpg,bear
0336_279901453.jpg,birds
0438_251006135.jpg,bear
0402_462937706.jpg,flowers
0315_2333912584.jpg,plane
0406_2436556786.jpg,coral,fish
0395_329569496.jpg,cat
0426_2593982690.jpg,coral
0008_1072834393.jpg,plane
0062_2187039102.jpg,alley
0004_464793955.jpg,cat
0347_2329083350.jpg,flags
0040_2550711977.jpg,boats
0241_284923598.jpg,cat
0275_2433657494.jpg,fish
0333_1520473493.jpg,tiger
0561_1743926513.jpg,baby
0254_49290767.jpg,rainbow
0087_421985660.jpg,snow
0298_2622808331.jpg,balloons
0484_2645182288.jpg,zebra
0503_422404974.jpg,tiger
0495_511197576.jpg,rainbow
0508_506798791.jpg,flags
0404_2132714537.jpg,rainbow
0206_619727916.jpg,beach
0431_98567431.jpg,cars
0462_176221473.jpg,plane
0209_5874489.jpg,fish
0096_128826595.jpg,window
0047_868402019.jpg,tree
0209_2443087913.jpg,boats
0073_267057696.jpg,antlers
0241_175530397.jpg,coral
0552_727248657.jpg,train
0372_2744097982.jpg,baby
0263_703556747.jpg,flags
0474_871220989.jpg,cat
0262_499393762.jpg,flowers
0353_2319779957.jpg,horses
0089_388655428.jpg,sign
0501_76297116.jpg,snow
0353_1435906652.jpg,balloons
0006_2202849133.jpg,tiger
0267_385977471.jpg,tiger
0047_309820307.jpg,beach
0526_2720373481.jpg,zebra
0217_438972120.jpg,cars
0447_131834522.jpg,flowers
0280_182778486.jpg,flowers
0511_1328807936.jpg,bear
0213_2417364557.jpg,birds
0288_2342860532.jpg,flags
0019_313109121.jpg,antlers,dog
0262_2398171553.jpg,tower
0457_476531656.jpg,tree
0005_3852131.jpg,dog
0311_231706564.jpg,tree
0068_1064208624.jpg,antlers
0252_2122951539.jpg,zebra
0470_2409858730.jpg,dog
0417_354640912.jpg,zebra
0289_2023031900.jpg,flags
0028_470519612.jpg,whales
0232_171734915.jpg,sign
0328_1114543660.jpg,alley
0300_1394274624.jpg,cat
0041_492327494.jpg,beach
0032_499334547.jpg,birds
0043_445926647.jpg,fish
0081_265794768.jpg,antlers
0001_352403456.jpg,cars
0089_109674173.jpg,horses
0429_249160935.jpg,flags
0369_1322022090.jpg,train
0201_131377774.jpg,sign
0382_2461305933.jpg,boats
0503_451034636.jpg,train
0379_1417242271.jpg,fish
0582_427958460.jpg,tree
0532_323272913.jpg,plane
0030_470099272.jpg,boats
0420_327646014.jpg,computer
0246_664728916.jpg,beach
0326_423525784.jpg,rainbow
0083_6679549.jpg,dog
0044_639067506.jpg,whales
0490_61008286.jpg,leaf
0353_262503661.jpg,leaf
0023_193888626.jpg,plane
0029_456416035.jpg,leaf
0266_1342897690.jpg,bear
0352_243340869.jpg,rocks
0360_2484474380.jpg,rainbow
0472_712455170.jpg,baby
0220_328871623.jpg,antlers
0276_150199454.jpg,rocks
0215_2373119789.jpg,beach
0479_381639468.jpg,computer
0562_2211173893.jpg,train
0037_61248472.jpg,beach
0071_2387396872.jpg,horses
0020_1350559729.jpg,bear
0355_2476445757.jpg,tiger
0294_278699523.jpg,leaf
0469_2396306163.jpg,tree
0357_2256478590.jpg,tree
0446_1332200459.jpg,fish
0566_106407105.jpg,birds
0503_2441078148.jpg,tower
0529_1949964974.jpg,window
0403_158783218.jpg,dog
0022_2355216100.jpg,plane
0545_1915613415.jpg,cars
0091_2114909246.jpg,baby
0318_445157889.jpg,sign
0455_235384615.jpg,alley
0510_1313183888.jpg,zebra
0240_378548586.jpg,snow
0029_2657866587.jpg,antlers
0010_231649733.jpg,tiger
0038_1340478366.jpg,antlers
0374_2559447911.jpg,bear
0270_809557540.jpg,coral
0207_429034624.jpg,plane
0386_1197345701.jpg,window
0515_315140744.jpg,boats
0379_1116259874.jpg,cat
0203_1051247053.jpg,bear
0561_149540971.jpg,dog
0305_2346049207.jpg,antlers
0400_91761454.jpg,snow
0370_2467732111.jpg,tower
0376_134948783.jpg,boats
0474_1433984858.jpg,boats
0263_216075894.jpg,tiger
0037_106123689.jpg,plane
0326_2080605301.jpg,computer
0370_412786385.jpg,rocks
0216_444948591.jpg,beach
0071_2750499776.jpg,window
0388_2435060237.jpg,balloons
0583_197797500.jpg,whales
0349_131402113.jpg,rainbow
0251_874438257.jpg,zebra
0042_461838579.jpg,alley
0057_337933791.jpg,birds
0369_3133521.jpg,computer,horses
0225_313813778.jpg,baby
0565_471169878.jpg,dog
0034_115229818.jpg,plane
0592_320595205.jpg,train
0085_2461786868.jpg,cars
0601_2370954062.jpg,rainbow
0342_508405599.jpg,tower
0063_2206430814.jpg,train
0554_2538431592.jpg,tower
0253_2235421258.jpg,tree
0588_480140648.jpg,cat
0062_430446668.jpg,fish
0220_93220430.jpg,beach
0312_376416150.jpg,snow
0342_2342911408.jpg,fish
0238_273735414.jpg,baby
0474_11093658.jpg,computer
0558_408827835.jpg,zebra
0270_2317631366.jpg,flags
0418_474741104.jpg,window
0057_580420344.jpg,balloons
0552_2243154960.jpg,tower
0237_2141311228.jpg,alley
0204_149041905.jpg,train
0205_612573315.jpg,zebra
0377_127145980.jpg,leaf
0044_2039988461.jpg,fish
0488_2598204430.jpg,leaf
0078_384223662.jpg,rainbow
0392_252200029.jpg,leaf
0046_89250252.jpg,coral
0492_291861987.jpg,flags
0560_441919504.jpg,flowers
0234_47399565.jpg,tower
0078_38865253.jpg,alley
0411_1885932685.jpg,flags
0522_2177802938.jpg,flags
0436_2468198140.jpg,alley
0033_1033877706.jpg,antlers
0598_370189952.jpg,rocks
0051_2576534437.jpg,flowers
0027_2140372749.jpg,snow
0030_1038150842.jpg,boats
0263_223681889.jpg,tower
0549_307392445.jpg,window
0300_27275098.jpg,window
0474_741054175.jpg,baby
0216_376716581.jpg,whales
0076_67044764.jpg,antlers
0639_786395980.jpg,leaf
0435_134682181.jpg,computer
0076_280274406.jpg,rainbow
0082_885047387.jpg,antlers
0243_2549785767.jpg,balloons
0216_2408982042.jpg,flowers
0051_209779652.jpg,plane
0585_2692541077.jpg,tower
0446_192899924.jpg,baby
0437_2615536243.jpg,alley
0415_171808464.jpg,whales
0085_2343760208.jpg,flowers
0205_88925364.jpg,beach
0520_2513112623.jpg,flags
0206_231647565.jpg,antlers
0302_1231545997.jpg,zebra
0281_2509246883.jpg,horses
0332_1443922592.jpg,rainbow
0353_1456572504.jpg,tiger
0231_2154214318.jpg,flowers
0283_1170735517.jpg,dog
0297_2104575985.jpg,snow
0533_403413476.jpg,tree
0218_486672137.jpg,whales
0008_1937292659.jpg,plane
0221_1623421.jpg,window
0560_799781099.jpg,cars
0003_2696108622.jpg,snow
0568_69011675.jpg,sign
0099_138963490.jpg,flags
0560_2181459890.jpg,train
0055_97982661.jpg,balloons
0072_415492582.jpg,flowers
0080_2299350671.jpg,horses
0490_452184270.jpg,flowers
0053_439030260.jpg,dog
0557_2405490902.jpg,zebra
0440_462262106.jpg,window
0590_304108610.jpg,cat
0360_303724875.jpg,leaf
0007_389068672.jpg,plane
0213_519547993.jpg,beach
0086_2706930229.jpg,horses
0082_493359463.jpg,alley
0301_1756042414.jpg,flags
0091_2272410484.jpg,zebra
0579_38984121.jpg,cat
0010_462514707.jpg,plane
0272_489738849.jpg,coral
0377_399413337.jpg,baby
0236_302818081.jpg,baby
0460_1218224594.jpg,boats
0348_1200449572.jpg,cars
0389_2287514363.jpg,flags
0630_1105839299.jpg,rainbow
0008_310398497.jpg,tree
0003_22755481.jpg,plane
0311_2242038525.jpg,rocks
0495_249778037.jpg,leaf
0397_2456399056.jpg,coral
0406_2195876070.jpg,sign
0300_75961385.jpg,snow
0382_426997863.jpg,sign
0017_396050911.jpg,whales
0384_159498973.jpg,bear
0465_2485404514.jpg,plane
0352_1889948201.jpg,tree
0203_371635096.jpg,baby
0421_198501522.jpg,antlers
0587_53140191.jpg,computer
0253_6329529.jpg,whales
0006_389068675.jpg,plane
0041_378174827.jpg,birds
0246_2396105994.jpg,boats
0416_1425890646.jpg,boats
0436_87338113.jpg,coral,fish
0425_2083555415.jpg,fish
0475_513472967.jpg,flags
0341_859276648.jpg,dog
0534_2307419856.jpg,tower
0003_488456796.jpg,plane
0003_2706975788.jpg,cat
0482_219851944.jpg,rocks
0408_2700549778.jpg,baby
0293_2333290322.jpg,whales
0588_126159701.jpg,rocks
0311_2243869503.jpg,balloons
0377_510352784.jpg,sign
0579_391016893.jpg,snow
0091_1027301852.jpg,flowers
0239_2264558699.jpg,bear
0589_2091469998.jpg,leaf
0500_151328978.jpg,cars
0079_2284650359.jpg,antlers
0311_288493554.jpg,flags
0067_2352548585.jpg,plane
0578_2166193458.jpg,horses
0348_2483149392.jpg,rocks
0341_255096142.jpg,birds
